channel,source,cutoff_min,plateau_pass,start_min,end_min,samples,baseline_mdeg,tail_amplitude_mdeg,Rinf_mdeg,kobs_per_s,tau_s,tau_min,t95_experiment_min,t99_experiment_min,remaining_tail_mdeg_at_cutoff,rmse_mdeg,residual_lag1,parameter_boundary,rate_stable_20pct,joint_exploratory_gate
L1 670nm,Vendor,48.0,False,43.57848333333333,47.90298333333333,33,95.02047560309975,6.791169954982513,101.81164555808226,0.0066654797331544705,150.02671075960876,2.5004451793268125,51.06914765529516,55.093458924866816,1.2045802981240683,1.6099736625094412,0.4782783131449992,False,False,False
L1 670nm,Vendor,49.0,False,43.57848333333333,48.98441666666667,41,95.16291990091662,7.935379535132102,103.09829943604872,0.004890446909227493,204.48028954432763,3.408004825738794,53.78795337822678,59.272925550529166,1.624313696019494,1.476581692931933,0.48633386142215645,False,False,False
L1 670nm,Vendor,50.0,False,43.57848333333333,49.9294,48,95.1190938586957,7.5715236095511855,102.6906174682469,0.005359532990997119,186.58342092114898,3.10972368201915,52.894382929393245,57.89929012042903,0.982276416281516,1.3759516585996507,0.47629913254221745,False,False,False
L1 670nm,Vendor,51.0,False,43.57848333333333,50.87656666666667,55,95.21542530477872,8.066027978933118,103.28145328371184,0.004629328511747787,216.01404986971934,3.600234164495322,54.36382101226366,60.15817437024293,1.0624182204096295,1.298325921213702,0.47052180163994217,False,True,False
L1 670nm,Vendor,52.0,False,43.57848333333333,51.959266666666664,63,95.02159466107378,7.394698134920384,102.41629279599417,0.005888787138252066,169.81425487504106,2.8302375812506844,52.05711739731139,56.61220906177203,0.38274141635559195,1.2980020647751591,0.42714067384809234,False,False,False
L1 670nm,Vendor,53.0,False,43.57848333333333,52.90725,70,95.17362120886524,7.76091876011273,102.93453996897797,0.005011366849112527,199.54635733304815,3.3257726222174693,53.54160771221249,58.894232258544655,0.4695917414946711,1.275832417502179,0.4269375353661631,False,False,False
L1 670nm,Vendor,54.0,False,43.57848333333333,53.98918333333334,78,95.1034132665698,7.609875906337509,102.71328917290731,0.00537312027573926,186.11159785780436,3.101859964296739,52.8708253364221,57.86307636202276,0.2653170560600353,1.2567752636288139,0.39750607750857797,False,True,False
L1 670nm,Vendor,55.0,False,43.57848333333333,54.935050000000004,85,95.09606103069297,7.605089541686892,102.70115057237986,0.005400701350440995,185.16113651023213,3.086018941837202,52.82336987419397,57.790125757676535,0.1918219278767829,1.2165020919388836,0.3825640970490511,False,True,False
L1 670nm,Vendor,56.0,False,43.57848333333333,55.8809,92,95.07774104670966,7.587679353081129,102.66542039979079,0.005476359402053587,182.60306283495726,3.043384380582621,52.695648143074806,57.59378634729425,0.13321092339680707,1.177934565488322,0.37202578692200294,False,True,False
L1 670nm,Vendor,57.0,False,43.57848333333333,56.96208333333333,100,95.05098511908146,7.5602337918333244,102.61121891091479,0.0055917110182277475,178.83613740771295,2.9806022901285494,52.507569808500364,57.30466413612115,0.08481089204935852,1.158254519976895,0.33720126550204804,False,True,False
L1 670nm,Vendor,58.0,False,43.57848333333333,57.90773333333333,107,94.95609806532562,7.48711531889635,102.44321338422196,0.005993590506645204,166.8448985447507,2.7807483090791782,51.90886078747251,56.38430254104156,0.04328990463950909,1.1574351964853355,0.32643859472281406,False,True,False
L1 670nm,Centroid + vendor TIR,48.0,False,43.57848333333333,47.90298333333333,33,89.6863953807562,5.074405199171154,94.76080057992735,0.007888485562117723,126.76704446316342,2.112784074386057,49.90781877202254,53.30821356212645,0.6553302100652502,1.4342719067680518,0.535782597556747,False,False,False
L1 670nm,Centroid + vendor TIR,49.0,False,43.57848333333333,48.98441666666667,41,89.7937111052206,5.736403593465196,95.5301146986858,0.006018841295634087,166.14493569142192,2.7690822615236987,51.873912432305744,56.330578406650744,0.8143094504356384,1.3162668199694696,0.5331138564809528,False,False,False
L1 670nm,Centroid + vendor TIR,50.0,False,43.57848333333333,49.9294,48,89.7561634113884,5.569117558607925,95.32528096999633,0.006477750398698227,154.37458044091366,2.5729096740152277,51.286231880720024,55.4271702553486,0.47182715177755524,1.2225589087959194,0.5297946700451789,False,False,False
L1 670nm,Centroid + vendor TIR,51.0,False,43.57848333333333,50.87656666666667,55,89.72238669728787,5.4785062450552315,95.2008929423431,0.006824384154018712,146.5333687892005,2.4422228131533417,50.894729033906614,54.82533502000706,0.27597003872570774,1.1551681383888135,0.5203072969988959,False,True,False
L1 670nm,Centroid + vendor TIR,52.0,False,43.57848333333333,51.95926666666666,63,89.59017235479658,5.207963773900765,94.79813612869734,0.008251289777623214,121.19317427342253,2.0198862378903755,49.629521725089084,52.880403215153734,0.08217144992350983,1.1383169607560377,0.5079034310574206,False,False,False
L1 670nm,Centroid + vendor TIR,53.0,False,43.57848333333333,52.90725,70,89.587864430892,5.207935377219427,94.79579980811143,0.008267241011929286,120.95933801337611,2.015988966889602,49.61784654457328,52.862455618934256,0.050934934943733245,1.0868027667886604,0.4992827575501747,False,True,False
L1 670nm,Centroid + vendor TIR,54.0,False,43.57848333333333,53.98918333333334,78,89.52524011987275,5.124239065597778,94.64947918547053,0.008961604384377595,111.58716197551186,1.8597860329251976,49.14990437407229,52.14311452447752,0.018990575544105572,1.0554331887166397,0.5142728181914897,False,True,False
L1 670nm,Centroid + vendor TIR,55.0,False,43.57848333333333,54.93505,85,89.49901459152673,5.091853617491898,94.59086820901862,0.009267905617219137,107.89924296834316,1.7983207161390526,48.96577074087182,51.86005628014165,0.00921011126954356,1.0177268732846916,0.5088358728424839,False,True,False
L1 670nm,Centroid + vendor TIR,56.0,False,43.57848333333333,55.8809,92,89.44852113511057,5.020277877037067,94.46879901214763,0.009934485514846748,100.65946530452274,1.677657755075379,48.60429681419078,51.304382809298176,0.003281004924160417,1.0044487201592776,0.5241168766810687,False,True,False
L1 670nm,Centroid + vendor TIR,57.0,False,43.57848333333333,56.96208333333333,100,89.4232336884422,4.974677259639914,94.39791094808211,0.010332249067779789,96.78434902604238,1.6130724837673729,48.41081663253715,51.00695664341659,0.0012400534179015554,0.982780817344471,0.5257552785056295,False,True,False
L1 670nm,Centroid + vendor TIR,58.0,False,43.57848333333333,57.90773333333333,107,89.40231025096072,4.927002284623497,94.32931253558422,0.010720615736114495,93.27822436833586,1.5546370728055976,48.235759786000564,50.737851631049466,0.0004893795298092932,0.9770023409690799,0.52860097620761,False,True,False
L2 785nm,Vendor,48.0,False,43.57848333333333,47.90298333333333,33,54.05128065809017,4.760617584042585,58.811898242132756,0.00936001861186517,106.83739439709619,1.780623239951603,48.91275384029662,51.77855639043597,0.4196783792060674,0.7399738051112106,0.3630236933404084,False,False,False
L2 785nm,Vendor,49.0,False,43.57848333333333,48.98441666666667,41,53.978817645397115,4.48129523446181,58.460112879858926,0.011037950905277922,90.5965254404093,1.5099420906734882,48.101865585561484,50.532023631871404,0.12489105466944234,0.7762927373293714,0.4307478606736587,False,False,False
L2 785nm,Vendor,50.0,False,43.57848333333333,49.9294,48,54.14718790315584,4.764504785556576,58.911692688712414,0.008536420200299094,117.14512366260539,1.9524187277100897,49.42740712742567,52.56970384874864,0.18421495027149548,0.75314889796857,0.4676737179503465,False,False,False
L2 785nm,Vendor,51.0,False,43.57848333333333,50.87656666666667,55,54.226832283481194,4.881346625925923,59.108178909407115,0.007655265302576134,130.62904556207636,2.1771507593679393,50.10064412756444,53.6046331007759,0.1708952100094848,0.7507951113257773,0.41212113099390757,False,False,False
L2 785nm,Vendor,52.0,False,43.57848333333333,51.959266666666664,63,54.562157175650555,5.448295421182823,60.010452596833375,0.004897690089915815,204.17788419462627,3.4029647365771045,53.77285462046352,59.24971508218703,0.46417855886318327,0.7577902256519042,0.44991026074136253,False,False,False
L2 785nm,Vendor,53.0,False,43.57848333333333,52.90725,70,54.44563811079432,5.237298610243903,59.682936721038224,0.005707628158856519,175.20412545591313,2.920068757598552,52.32622755146802,57.02589691686147,0.21461661131501036,0.751076972184171,0.4262240285900592,False,False,False
L2 785nm,Vendor,54.0,False,43.57848333333333,53.98918333333334,78,54.529999160098534,5.339044765840176,59.86904392593871,0.005178192731651951,193.11757051595475,3.2186261752659124,53.22062564308307,58.40080463550879,0.21024749173535107,0.7279394984647334,0.42022552539742775,False,True,False
L2 785nm,Vendor,55.0,False,43.57848333333333,54.935050000000004,85,54.584950088930064,5.408035683694409,59.99298577262447,0.004861983949588903,205.67735524601093,3.427955920766849,53.84772151749507,59.36480373853018,0.19690365036806481,0.7056006437954513,0.42158713279008253,False,True,False
L2 785nm,Vendor,56.0,False,43.57848333333333,55.8809,92,54.687901642194845,5.531352240489658,60.219253882684505,0.004337896698720719,230.52646696149037,3.842107782691506,55.08840961641524,61.272043545537066,0.22502034808856786,0.6894621619578615,0.4323875128671194,False,True,False
L2 785nm,Vendor,57.0,False,43.57848333333333,56.96208333333333,100,54.78327073461774,5.654477377894015,60.437748112511755,0.0039035288248209558,256.178459254971,4.26964098758285,56.369184636324206,63.24090671422262,0.246067739976625,0.680895721911461,0.4285013785604795,False,False,False
L2 785nm,Vendor,58.0,False,43.57848333333333,57.90773333333333,107,54.72151579792689,5.583305432409041,60.30482123033593,0.004168506271273193,239.8940855364405,3.9982347589406753,55.55612423793727,61.991034841788206,0.15503364255874413,0.670028104564631,0.41813490060123604,False,True,False
L2 785nm,Centroid + vendor TIR,48.0,False,43.57848333333333,47.90298333333333,33,50.80218516073464,3.5395855685448376,54.341770729279474,0.011094351769139171,90.1359557375556,1.5022659289592601,48.07886986017715,50.49667360080222,0.1989619249887457,0.6258864945880233,0.34875671341793213,False,False,False
L2 785nm,Centroid + vendor TIR,49.0,False,43.57848333333333,48.98441666666667,41,50.72930762341283,3.3012680985630736,54.0305757219759,0.01370737634261711,72.95342120949404,1.2158903534915673,47.22096530639099,49.17786533866322,0.03870590548659101,0.6739010964813701,0.3505883957896147,False,False,False
L2 785nm,Centroid + vendor TIR,50.0,False,43.57848333333333,49.9294,48,50.81601990397143,3.4263448909972616,54.242364794968694,0.01148284711908271,87.086415906222,1.4514402651037,47.92660977864025,50.26261276893154,0.043105604935608825,0.6536704004962811,0.37337319143303876,False,False,False
L2 785nm,Centroid + vendor TIR,51.0,False,43.57848333333333,50.87656666666667,55,50.78975249833494,3.400681805732046,54.19043430406699,0.012026135642854839,83.15223025063217,1.3858705041772028,47.73018032966352,49.96065286081047,0.01756075908989788,0.6693201080405069,0.33757135427915075,False,True,False
L2 785nm,Centroid + vendor TIR,52.0,False,43.57848333333333,51.95926666666666,63,51.00649639946988,3.5207754680266614,54.527271867496545,0.008703148625506762,114.90094482234268,1.9150157470390448,49.3153578111023,52.39745675729525,0.04426013438385337,0.6797151107083266,0.41862561775754487,False,False,False
L2 785nm,Centroid + vendor TIR,53.0,False,43.57848333333333,52.90725,70,50.909992514698885,3.484723478810639,54.39471599350952,0.009937080378707207,100.63318015850626,1.6772196693084378,48.602984426520166,51.302365349785354,0.01338455890343025,0.6860777138900825,0.3981373007111805,False,False,False
L2 785nm,Centroid + vendor TIR,54.0,False,43.57848333333333,53.98918333333334,78,50.92453200440426,3.48805740567656,54.41258941008082,0.009748633019249412,102.57848439113714,1.7096414065189522,48.700111271046396,51.451672967365155,0.007906574404876968,0.6556036559952613,0.39252464661557745,False,True,False
L2 785nm,Centroid + vendor TIR,55.0,False,43.57848333333333,54.93505,85,50.92839315530459,3.4891083487045202,54.41750150400911,0.00969846932729839,103.10905424893069,1.7184842374821783,48.726602025152516,51.492395708876735,0.004706397184178217,0.6327150676675118,0.39223568463023334,False,True,False
L2 785nm,Centroid + vendor TIR,56.0,False,43.57848333333333,55.8809,92,50.9540385102359,3.4920567123696276,54.44609522260552,0.009391841856119217,106.47538739682398,1.7745897899470662,48.894679239397156,51.75077132635643,0.0034065670384219164,0.6128168621540597,0.39584326435271594,False,True,False
L2 785nm,Centroid + vendor TIR,57.0,False,43.57848333333333,56.96208333333333,100,50.969909001825044,3.4929756188438112,54.46288462066886,0.009211842767093723,108.55591278350634,1.809265213058439,48.99855752351103,51.910457551055444,0.0021409553043291326,0.5962025029638344,0.387483640917818,False,True,False
L2 785nm,Centroid + vendor TIR,58.0,False,43.57848333333333,57.90773333333333,107,50.9191854053563,3.490331369762568,54.40951677511887,0.009799720369234453,102.0437280169168,1.7007288002819467,48.67341148890072,51.41062889884304,0.0007652087343564351,0.5897103109101132,0.39538244413184814,False,True,False
L3 670nm,Vendor,45.0,False,40.86815,44.93001666666667,31,110.75137360929754,18.277296965883973,129.0286705751815,0.014238931539708576,70.22998862037275,1.1704998103395459,44.374654058023005,46.25850082928039,0.5686223367895337,1.0441301536525418,0.1552167979249091,False,False,False
L3 670nm,Vendor,46.0,False,40.86815,45.87511666666667,38,110.92088375508504,18.479198938906755,129.4000826939918,0.013431594645522647,74.45132364334303,1.2408553940557172,44.58542055078627,46.582500265827896,0.32678687388080124,1.0091875506485881,0.13325452682421576,False,False,False
L3 670nm,Vendor,47.0,False,40.86815,46.957649999999994,46,111.83019332190197,19.279946203871372,131.11013952577335,0.010187903141453094,98.15562497165345,1.635927082860891,45.7689495593074,48.401872628441446,0.4661309518078778,1.2358183235138893,0.3719866380389103,False,False,False
L3 670nm,Vendor,48.0,False,40.86815,47.90298333333333,53,113.27475869442482,20.919846766448998,134.19460546087382,0.006597439845148877,151.57394739041143,2.526232456506857,48.43606610045717,52.50188039158083,1.2917332616201098,1.535042479292642,0.6043168801522347,False,False,False
L3 670nm,Vendor,49.0,False,40.86815,48.98441666666667,61,114.32158362401279,23.116127007164277,137.43771063117705,0.0046298271707771186,215.9907839134629,3.599846398557715,51.65232603599645,57.44605530877459,2.4252043683922246,1.5808658759805077,0.6490158652613113,False,False,False
L3 670nm,Vendor,50.0,False,40.86815,49.9294,68,114.93572853674884,25.11867730718228,140.05440584393114,0.0036718467261413405,272.3425226005763,4.5390420433429375,54.46590474026089,61.771211090949365,3.4120743373048215,1.5769107253693206,0.6587735215703896,False,False,False
L3 670nm,Vendor,51.0,False,40.86815,50.87656666666667,75,115.00410312966444,25.369685905128193,140.37378903479265,0.0035769078456061236,279.5710829476361,4.659518049127269,54.82681859897789,62.32602360091429,2.96122770381236,1.5133401133107498,0.6444509557122351,False,False,False
L3 670nm,Vendor,52.0,False,40.86815,51.959266666666664,83,115.13187479347155,25.78658570745015,140.9184605009217,0.003417737544691844,292.5912206316485,4.8765203438608085,55.47689937674643,63.325356098912195,2.652394646744276,1.4541912387684814,0.6238939625659967,False,True,False
L3 670nm,Vendor,53.0,False,40.86815,52.90725,90,115.2450893637151,26.108173816044218,141.35326317975932,0.003293058116267875,303.66910169606456,5.061151694934409,56.03000547386749,64.17561489227504,2.4194036405500823,1.413461801836741,0.6073136874496947,False,True,False
L3 670nm,Vendor,54.0,False,40.86815,53.98918333333334,98,115.455798831935,26.684528379026567,142.14032721096157,0.0030804100271251624,324.63210780198136,5.410535130033023,57.076664706237565,65.78458507106927,2.3607849678253605,1.3895050213682776,0.5904540148174652,False,True,False
L3 670nm,Vendor,55.0,False,40.86815,54.935050000000004,105,115.63557884291367,27.150888633041507,142.7864674759552,0.00291715269213116,342.800019586715,5.713333659778583,57.98376803418104,67.17902383261456,2.314727717630876,1.3647893926220604,0.5941633111793521,False,True,False
L3 670nm,Vendor,56.0,False,40.86815,55.8809,112,115.74914482789139,27.437571097617752,143.18671592550913,0.0028210953429547315,354.4722451502223,5.9078707525037055,58.56654908126105,68.07490025210109,2.1614284779416053,1.3298345705311447,0.595983462984724,False,True,False
L3 670nm,Vendor,57.0,False,40.86815,56.96208333333333,120,115.81990575411318,27.59365065323508,143.41355640734827,0.0027666217890155343,361.4516461810404,6.02419410301734,58.91502269656269,68.61058907782072,1.9079628450727668,1.3029921974856737,0.5808499891156899,False,True,False
L3 670nm,Vendor,58.0,False,40.86815,57.90773333333333,127,115.84574624110562,27.646556452028946,143.49230269313455,0.0027476703925051263,363.94467208574923,6.065744534762487,59.03949666592172,68.80193588730842,1.6658769176623711,1.2729071632930808,0.5706328388757536,False,True,False
L3 670nm,Centroid + vendor TIR,45.0,False,40.86815,44.93001666666667,31,104.57419332018857,16.074745055814066,120.64893837600263,0.01279421877385096,78.16030174845977,1.302671695807663,44.77060564097632,46.867174855664,0.7111618517560195,0.9536961686930837,0.2865629329736982,False,False,False
L3 670nm,Centroid + vendor TIR,46.0,False,40.86815,45.87511666666666,38,104.61111585122656,16.16495345431984,120.7760693055464,0.012552132934722971,79.66773497384652,1.327795582897442,44.8458700803683,46.98287463144598,0.37230527101679306,0.9256916792412816,0.2568025226923542,False,False,False
L3 670nm,Centroid + vendor TIR,47.0,False,40.86815,46.95765,46,105.28969167729024,16.967536746686644,122.25722842397688,0.00971928984660434,102.88817555424312,1.714802925904052,46.005240467915584,48.76510930921849,0.4868325689433756,1.1293316186830855,0.3941863310870957,False,False,False
L3 670nm,Centroid + vendor TIR,48.0,False,40.86815,47.90298333333333,53,106.23202148392515,18.135497168632703,124.36751865255786,0.0069597093825323995,143.68416050673287,2.394736008445548,48.04213794714219,51.89631686940556,0.9610272197167264,1.2861486118059389,0.5665681856628171,False,False,False
L3 670nm,Centroid + vendor TIR,49.0,False,40.86815,48.98441666666667,61,107.07160111376612,19.648803787458437,126.72040490122455,0.00509480473828314,196.27837598678659,3.271306266446443,50.668107759073024,55.933072087475175,1.6437312799832966,1.3580871922812152,0.6055357692706397,False,False,False
L3 670nm,Centroid + vendor TIR,50.0,False,40.86815,49.9294,68,107.5865222513438,20.95815253409071,128.5446747854345,0.004150796580251807,240.91761199710137,4.015293533285023,52.896894425454576,59.35926006747496,2.194256757975814,1.3472043579811122,0.6301698152505637,False,False,False
L3 670nm,Centroid + vendor TIR,51.0,False,40.86815,50.87656666666667,75,107.66777527433325,21.1785991088856,128.84637438321886,0.004019718621718296,248.77363171567796,4.146227195261299,53.28913662233152,59.96223186395036,1.8948317813974287,1.2874060051925367,0.6240170623160092,False,False,False
L3 670nm,Centroid + vendor TIR,52.0,False,40.86815,51.95926666666666,83,107.72063266890433,21.30300474719008,129.0236374160944,0.003942362122838976,253.65503442892242,4.227583907148707,53.53285954980286,60.33689336796427,1.5454826183539774,1.2301784766930728,0.6130525559148152,False,True,False
L3 670nm,Centroid + vendor TIR,53.0,False,40.86815,52.90725,90,107.83762533998244,21.549481475760825,129.38710681574327,0.003785251625403332,264.1832297987446,4.4030538299790765,54.05852046066383,61.144962225120324,1.3994655086750922,1.1966545690313677,0.5955956414668555,False,True,False
L3 670nm,Centroid + vendor TIR,54.0,False,40.86815,53.98918333333334,98,108.08167827245127,22.030557401625977,130.11223567407725,0.00349034552446727,286.504586147708,4.775076435795133,55.17300058739864,62.858189637938025,1.4114450872739952,1.1798620537700863,0.6050671966483858,False,True,False
L3 670nm,Centroid + vendor TIR,55.0,False,40.86815,54.93505,105,108.19377729316408,22.242134901865608,130.4359121950297,0.003366911143092176,297.0081352018095,4.950135586696826,55.6974309355358,63.66436682045489,1.2972781217954208,1.1507687643330085,0.6027514323990211,False,True,False
L3 670nm,Centroid + vendor TIR,56.0,False,40.86815,55.8809,112,108.2086654146954,22.267280516161293,130.4759459308567,0.0033516030507693556,298.3646884348227,4.972744807247045,55.76516210721799,63.768486128861184,1.0877503208217536,1.1160312407004007,0.5976063764421139,False,True,False
L3 670nm,Centroid + vendor TIR,57.0,False,40.86815,56.96208333333333,120,108.24552398275215,22.318298189959563,130.5638221727117,0.0033166014871283903,301.5134630678312,5.025224384463853,55.92237687038885,64.0101635132333,0.9073537299176194,1.0838207559450896,0.5957837097245797,False,True,False
L3 670nm,Centroid + vendor TIR,58.0,False,40.86815,57.90773333333333,127,108.29274913041638,22.380434635394028,130.67318376581042,0.003273150450661768,305.51605099540086,5.091934183256681,56.12222156759482,64.31737348974728,0.788045012263074,1.06378349156623,0.584019570736107,False,True,False
L5 785nm,Vendor,45.0,False,40.86815,44.93001666666667,31,61.73201684162614,10.519588979580398,72.25160582120654,0.015449263240606314,64.72800575833509,1.0788000959722515,44.099946264217216,45.836208038612504,0.2436721251462345,0.8453085457500398,0.25582259338222824,False,False,False
L5 785nm,Vendor,46.0,False,40.86815,45.87511666666667,38,61.82199667985146,10.597608843100774,72.41960552295224,0.014699018708525132,68.0317523114669,1.1338625385244483,44.26489860043154,46.08977995742156,0.1280644779965,0.8459317105611133,0.19877736180962724,False,False,False
L5 785nm,Vendor,47.0,False,40.86815,46.957649999999994,46,62.345669911663705,11.00276421667455,73.34843412833825,0.011209537115000326,89.20974967483936,1.4868291612473226,45.32229210360981,47.71525132503385,0.18314409308730342,0.9695503075504873,0.3154675521749703,False,False,False
L5 785nm,Vendor,48.0,False,40.86815,47.90298333333333,53,62.943986016526445,11.420831819884231,74.36481783641068,0.008420137619079126,118.76290450812913,1.979381741802152,46.79784776560022,49.98353978403645,0.3267314016856812,1.0226619113190303,0.42587280893945983,False,False,False
L5 785nm,Vendor,49.0,False,40.86815,48.98441666666667,61,63.801983165544115,12.464459717187529,76.26644288273164,0.005421660159950078,184.44534893334367,3.074089148889061,50.07729807510908,55.02485369753341,0.8892854481231366,1.099299574491271,0.5386901176731593,False,False,False
L5 785nm,Vendor,50.0,False,40.86815,49.9294,68,64.14534368309975,13.168135712862183,77.31347939596193,0.004453659806688305,224.534437609771,3.7422406268295165,52.0789010211981,58.10180496346867,1.1693598411351538,1.0725665234314483,0.5404086336729018,False,False,False
L5 785nm,Vendor,51.0,False,40.86815,50.87656666666667,75,64.37363672327685,13.745793805655095,78.11943052893194,0.00388572301136553,257.35236327320655,4.289206054553443,53.71746300554893,60.620673843989124,1.3328730166495648,1.0460066878634688,0.5447789065649469,False,False,False
L5 785nm,Vendor,52.0,False,40.86815,51.959266666666664,83,64.58654422590351,14.32776800308709,78.9143122289906,0.0034240639714540077,292.0506183111282,4.86751030518547,55.44990771310074,63.28386333742992,1.4675552100902596,1.0150409839235277,0.5381748491553143,False,False,False
L5 785nm,Vendor,53.0,False,40.86815,52.90725,90,64.82255406569406,15.072093611157678,79.89464767685175,0.0029663698624781227,337.1123785503249,5.618539642505414,57.69979053729597,66.74248125045813,1.7684430453154345,1.0061481549465252,0.5581647454767514,False,False,False
L5 785nm,Vendor,54.0,False,40.86815,53.98918333333334,98,64.93963833139524,15.479558570406658,80.4191969018019,0.0027603252353337457,362.27615036062656,6.037935839343776,58.95618925957045,68.67387211225494,1.7619500633336629,0.980120361918582,0.5603457876380271,False,False,False
L5 785nm,Vendor,55.0,False,40.86815,54.935050000000004,105,65.01655544921074,15.72552285446025,80.742078303671,0.0026405130380774845,378.7142822548167,6.3119047042469445,59.77692663010983,69.93554536079601,1.6932590106320358,0.9536145044765971,0.5576049557750855,False,True,False
L5 785nm,Vendor,56.0,False,40.86815,55.8809,112,65.03345334367678,15.788906955673067,80.82236029934985,0.0026129600850197028,382.7077213054556,6.378462021757594,59.976314534217664,70.24205313505539,1.5002692785883611,0.9334058806752092,0.5625819458192589,False,True,False
L5 785nm,Vendor,57.0,False,40.86815,56.96208333333333,120,65.11597234132931,16.012918329529573,81.12889067085888,0.002502581439438049,399.58739573508086,6.6597899289180145,60.81909762514953,71.53761602559699,1.4287687525908443,0.9116458246221296,0.5636829180950835,False,True,False
L5 785nm,Vendor,58.0,False,40.86815,57.90773333333333,127,65.13994806113666,16.083129232342355,81.22307729347902,0.002470552613177723,404.76774089573433,6.746129014928906,61.077746411581515,71.9352222103798,1.2865183561471891,0.9095269074380024,0.5449781453840677,False,True,False
L5 785nm,Centroid + vendor TIR,45.0,False,40.86815,44.93001666666667,31,57.82991176590241,8.496493780716223,66.32640554661863,0.014799054056231655,67.5718864327626,1.1261981072127099,44.241938016192535,46.05448394685219,0.23060396427977145,0.7462266848357563,0.28401745086278113,False,False,False
L5 785nm,Centroid + vendor TIR,46.0,False,40.86815,45.87511666666666,38,57.88222342951815,8.551710004148733,66.43393343366688,0.014249900620202137,70.17592800487999,1.169598800081333,44.37195487251367,46.254351523702,0.11826878793216496,0.7377345080572846,0.19617476553313581,False,False,False
L5 785nm,Centroid + vendor TIR,47.0,False,40.86815,46.95765,46,58.25596183226576,8.896142743389117,67.15210457565487,0.011093956220924225,90.13916947985676,1.502319491330946,45.36869698536933,47.78658693130607,0.15446604175557913,0.8506236897843092,0.2852779005621375,False,False,False
L5 785nm,Centroid + vendor TIR,48.0,False,40.86815,47.90298333333333,53,58.72269466670828,9.246202413871321,67.9688970805796,0.008380098665646967,119.33033725478185,1.9888389542463643,46.8261790421372,50.02709185682709,0.26902716256256953,0.893274606532902,0.39179726956855393,False,False,False
L5 785nm,Centroid + vendor TIR,49.0,False,40.86815,48.98441666666667,61,59.38051246695114,10.04985076029017,69.43036322724132,0.005514839703401482,181.32893316612865,3.022148886102144,49.92169895358144,54.785659947894715,0.685205288257643,0.9373971653687312,0.5008983528761289,False,False,False
L5 785nm,Centroid + vendor TIR,50.0,False,40.86815,49.9294,68,59.55116481815828,10.36086943605199,69.91203425421027,0.00490523842249855,203.86368895207266,3.3977281492012112,51.046833873324935,56.51526637279391,0.7197730365769153,0.9026053668326508,0.49957939465412676,False,False,False
L5 785nm,Centroid + vendor TIR,51.0,False,40.86815,50.87656666666667,75,59.62083609052121,10.490041991424796,70.110878081946,0.004679325477880991,213.7060148363189,3.5617669139386483,51.538250094962805,57.27069280150907,0.6315792054817791,0.8663873629031275,0.4940070287542562,False,True,False
L5 785nm,Centroid + vendor TIR,52.0,False,40.86815,51.95926666666666,83,59.7862248838125,10.773277161663769,70.55950204547626,0.004206498998783882,237.727383339234,3.9621230556538998,52.73760990961474,59.114400969113376,0.6555914077007297,0.8380088792893318,0.4955291330543328,False,True,False
L5 785nm,Centroid + vendor TIR,53.0,False,40.86815,52.90725,90,59.97290745252256,11.120604456908147,71.0935119094307,0.003729248733088924,268.1505234894063,4.469175391490105,54.2566029564602,61.44946326884188,0.752008042428216,0.8287910542731224,0.5152302544061345,False,False,False
L5 785nm,Centroid + vendor TIR,54.0,False,40.86815,53.98918333333334,98,60.10537324745592,11.384525362118891,71.48989860957481,0.0034241673694779635,292.0417993914989,4.867363323191649,55.449467394398226,63.28318646033409,0.7683869414200901,0.8092979133073508,0.5253491242070693,False,False,False
L5 785nm,Centroid + vendor TIR,55.0,False,40.86815,54.93505,105,60.18998645380222,11.544787827192662,71.73477428099488,0.0032492869387441845,307.75983126516047,5.129330521086008,56.23425098374286,64.48958998978404,0.7436315453406436,0.7898300350437559,0.5274125871968375,False,True,False
L5 785nm,Centroid + vendor TIR,56.0,False,40.86815,55.8809,112,60.20668038473016,11.580874125586819,71.78755451031698,0.003214304040860167,311.1093372898209,5.185155621497016,56.40148803871851,64.74667407782661,0.6401980968027456,0.7734665240102411,0.5317559635169099,False,True,False
L5 785nm,Centroid + vendor TIR,57.0,False,40.86815,56.96208333333333,120,60.27911441208583,11.69685531304388,71.97596972512972,0.003083718678329224,324.2837963876152,5.404729939793587,57.05927391048317,65.75785118205464,0.5954548327602213,0.7542281393389287,0.5353885049625597,False,True,False
L5 785nm,Centroid + vendor TIR,58.0,False,40.86815,57.90773333333333,127,60.28386497954082,11.708210588569099,71.99207556810993,0.003073899685525905,325.31965981476486,5.421994330246081,57.11099340214494,65.83735663824572,0.5054087174320876,0.7573435917583631,0.5112338204088159,False,True,False
