time_min,window_start_min,samples,dSPR,dTIR,dWeightedTIR,dCorrected,SPRHalfWidth95,TIRHalfWidth95,CorrectedHalfWidth95,CorrectedLow95,CorrectedHigh95,identity_error,equivalent_slope,sustained_plateau,corrected_response_mdeg,T_after_injection_min,s_after_arrival50_min,u_tail_age_over_tau,normalized_tail_response
40.86815,38.97266666666667,15,47.88862708353554,13.058877655475952,15.075093599626053,32.81353348390212,14.961351774581995,10.942101297104369,3.7098287633957834,29.103704720506336,36.523362247297904,-7.368328169832239e-12,False,False,56.9799280393454,4.456016666666663,-0.007044194148107863,0.0,-0.260486832591032
41.00265,39.10851666666667,15,55.64413265433177,18.988805523997144,21.92056838049303,33.72356427384875,15.86608665630818,13.466925196953747,2.4631875034219326,31.26037677042682,36.186751777270686,1.0011547146859812e-11,False,False,59.49222524309516,4.590516666666666,0.12745580585189487,0.03394644692018662,-0.027289712898459807
41.13848333333333,39.24381666666667,15,62.54369764832154,25.252557796902693,29.15140814253995,33.392289505777626,15.228012687280872,14.73975482199511,2.941131333386463,30.451158172391164,36.33342083916409,-3.964828465541359e-12,False,False,60.182922305477405,4.7263499999999965,0.26328913918522545,0.06822941376027457,0.03682235365451599
41.2738,39.37886666666667,15,67.82933776990103,31.018844471665943,35.80797646622597,32.021361303673075,12.997652454912078,14.347944262753828,4.540919226985559,27.48044207668752,36.56228053065863,-1.9824142327706795e-12,False,False,60.81894599896259,4.861666666666665,0.39860580585189354,0.10238197913140126,0.09585951420845103
41.40936666666666,39.514716666666665,15,71.10664442293273,35.60755302417601,41.105155347558615,30.00148907538278,10.139739214038162,12.499048292268531,5.802252191404758,24.19923688397802,35.80374126678754,8.661515948915621e-12,False,False,62.48651637955845,4.997233333333327,0.5341724725185557,0.13659764198750823,0.25064717589878954
41.5444,39.65125,15,72.3019614691002,39.40906938349508,45.49360406797477,26.808357401122063,8.395267928999065,10.270632001407668,7.344443411718673,19.463913989403395,34.15280081284074,-3.367972567502875e-12,False,False,60.20459665220915,5.132266666666666,0.6692058058518953,0.17067869687565682,0.03883421563546177
41.67945,39.78628333333333,15,71.51929856241986,41.873005656179885,48.33795799441359,23.181340568007272,9.228994693843951,8.072291749837538,8.242726921316889,14.938613646690383,31.42406748932416,9.947598300641405e-13,False,False,60.42739588382756,5.267316666666666,0.8042558058518949,0.20476395826280253,0.05951494521060268
41.814483333333335,39.92111666666667,15,68.8867851198047,42.676864237673726,49.265927738566965,19.620857381240967,11.914364009827883,7.037033337936328,8.313414503306882,11.307442877934085,27.934271884547847,3.232969447708456e-12,False,False,61.73979730707288,5.402349999999998,0.9392891391852274,0.2388450131509493,0.18133501941378402
41.950066666666665,40.05628333333333,15,64.51639757819794,41.89024415037784,48.35785801342033,16.158539564770308,15.066185163673133,8.173027343288108,7.560638976936282,8.597900587834026,23.71917854170659,-7.297273896256229e-12,False,False,63.06601707555456,5.537933333333328,1.0748724725185568,0.2730648825060552,0.3044377437362381
42.08565,40.190783333333336,15,58.58610260025307,39.45683116549117,45.54873999566102,13.037362604598911,17.811226294597517,10.679704394009567,6.404795379069572,6.632567225529339,19.442157983668483,6.863842827442568e-12,False,False,64.12406767633729,5.673516666666664,1.2104558058518933,0.3072847518611629,0.4026483982015065
42.222116666666665,40.32663333333333,15,51.324131704652245,35.36465250958281,40.824752384188,10.49937932046214,19.43682379352397,12.843529032595535,5.241197316529477,5.258182003932663,15.740576636991616,-2.1103119252074976e-12,False,False,65.00768000179596,5.809983333333328,1.346922472518557,0.34172756566320456,0.48466729664802255
42.357416666666666,40.461666666666666,15,43.124936824246106,30.468646104880463,35.17283062165376,7.95210620259877,19.21631901850171,13.650798503248213,3.781389146807271,4.170717055791499,11.73349534940604,6.423306331271306e-12,False,False,64.4757102528929,5.945283333333329,1.4822224725185578,0.3758759245353323,0.4352886590319723
42.49386666666667,40.59698333333333,15,34.65834866597652,24.66815965642309,28.47678227501884,6.181566390951502,17.05810591058484,12.714420047252998,2.6146751276695785,3.566891263281924,8.79624151862108,-6.174616373755271e-12,False,False,65.13903016736367,6.081733333333332,1.6186724725185613,0.41031453183837685,0.4968595166751016
42.62813333333333,40.73258333333333,15,26.80180226434095,19.104996449932514,22.05469852016613,4.747103744165997,13.503465379515143,10.632725307214956,1.3808655676525046,3.3662381765134928,6.127969311818502,-8.817835350782843e-12,False,False,65.26241002390088,6.215999999999994,1.752939139185223,0.4442020877725785,0.5083119145560597
42.76425,40.86815,15,20.233876968937693,14.42625240666166,16.653583183778498,3.580293785148569,9.441300031022458,7.413358147003083,1.2752925266921042,2.305001258456465,4.855586311840674,-1.0626166613292298e-11,False,False,63.22744570708528,6.35211666666666,1.8890558058518891,0.47855656509564637,0.31942191513629775
42.90081666666666,41.00265,15,15.396469902396348,10.74366616269981,12.40242670762137,2.994043194768892,5.891476619227842,4.827829226819943,0.9203512526856104,2.073691942083282,3.9143944474545034,-6.085798531785258e-12,False,False,64.94384968335726,6.48868333333332,2.025622472518549,0.5130246178916797,0.47874242184151133
43.035833333333336,41.13848333333333,15,12.17982356029097,8.202466872819059,9.468880796484694,2.710942763804724,3.4828889164086565,2.839498837168553,0.9018418193867084,1.8091009444180155,3.612784583191432,-1.552535877635819e-12,False,False,64.8484810118789,6.6236999999999995,2.1606391391852284,0.5471014662808312,0.46989008563524354
43.17146666666667,41.2738,15,10.253804743166256,6.772772747208364,7.818450083292502,2.435354659877703,2.278563231632343,1.7824357705959166,0.9658005766330122,1.4695540832446907,3.401155236510715,3.948841253986757e-12,False,False,64.8651530686875,6.7593333333333305,2.2962724725185595,0.5813339551329338,0.47143762372958764
43.3073,41.40936666666666,15,9.002815155272401,5.859309009159915,6.763952773933739,2.2388623813403683,1.766740689987785,1.2108159164328536,1.094880607803112,1.1439817735372564,3.33374298914348,1.7061907442439406e-12,False,False,65.23553656668446,6.895166666666661,2.43210580585189,0.6156169219730219,0.5058174593579652
43.44291666666667,41.5444,15,8.10903807278737,4.9608186748337175,5.726740676104872,2.3822973966757672,1.4970500046572497,0.5553759690530605,1.351127340515221,1.031170056160546,3.733424737190989,-6.731504242907249e-12,False,False,65.80631079943487,7.030783333333332,2.567722472518561,0.6498452043261274,0.5587980171014794
43.57848333333333,41.67945,15,7.18431127832082,4.617113401214738,5.329969276051322,1.8543420022774624,1.4489714376102962,0.6886607674731036,1.2675357334596546,0.586806268817808,3.121877735737117,7.965184067870723e-12,False,False,65.24026747537937,7.166349999999994,2.703289139185223,0.6840608671822344,0.5062565930239721
43.714333333333336,41.814483333333335,15,6.408400187781808,4.502882756307372,5.198102073573774,1.2102981142015778,1.4332311439422916,0.7867027376409275,0.8939561883512941,0.3163419258502837,2.104254302552872,-6.4561689328002095e-12,False,False,65.07394887183546,7.302199999999999,2.839139139185228,0.718348040521323,0.490818523340241
43.84936666666667,41.950066666666665,15,5.717659294448822,4.241012752845563,4.8958008408590485,0.8218584535979971,1.308362146791591,0.97086272991247,0.4653787800232309,0.3564796735747662,1.287237233621228,8.22364398800346e-12,False,False,65.62510953597302,7.437233333333332,2.9741724725185605,0.7524290954094698,0.5419785051978367
43.98466666666667,42.08565,15,5.125848041996505,3.870004555046762,4.46751110144946,0.6583369405457233,1.1466339085342891,1.1261756003019974,0.2915281674978419,0.3668087730478814,0.9498651080435652,-1.3224976669334865e-12,False,False,65.88566800253102,7.5725333333333325,3.1094724725185614,0.7865774542815975,0.5661641325281334
44.11945,42.222116666666665,15,4.60663808692334,3.3730213363232906,3.8937965191278976,0.7128415677884732,0.9698501413731824,1.1947944879998045,0.4555608353640629,0.2572807324244102,1.1684024031525362,-6.969091970177033e-12,False,False,66.26191971877051,7.707316666666664,3.2442558058518927,0.8205954116847622,0.6010886694720421
44.25533333333333,42.357416666666666,15,4.153540283492475,2.790873768255551,3.22176869951387,0.9317715839774792,0.793043444793566,1.031447745636027,0.4505226219457356,0.4812489620317435,1.3822942059232148,-1.1262102361797588e-12,False,False,66.44920406049278,7.843199999999996,3.380139139185225,0.854890998021847,0.61847282648498
44.390366666666665,42.49386666666667,15,3.791010481949343,2.3960502970767266,2.765986744863717,1.025023737079664,0.6578679045342467,0.9395340319804478,0.4926276389885859,0.532396098091078,1.51765137606825,-5.961453553027241e-12,False,False,66.58046743776868,7.978233333333328,3.5151724725185574,0.8889720529099938,0.630656990626138
44.52486666666667,42.62813333333333,15,3.4980401339707896,2.0919756233051885,2.4149646823773967,1.083075451600962,0.5322846300676728,0.5567406939927312,0.3543597274542011,0.7287157241467608,1.4374351790551632,7.569056492684467e-12,False,False,65.93099742727281,8.112733333333331,3.64967247251856,0.9229184998301804,0.5703717124559103
44.660183333333336,42.76425,15,3.2698877658440324,1.868558024063532,2.157052684943268,1.112835080898094,0.3810024709762302,0.3223404352585837,0.5833671573186057,0.5294679235794884,1.6962022382166997,-2.670752508038277e-12,False,False,65.74634046361825,8.24805,3.784989139185228,0.9570710652013071,0.5532314346292473
44.79443333333333,42.90081666666666,15,3.076450133146864,2.060560811372852,2.378699603341601,0.6977505298013966,0.2395601763966462,0.3515518519513272,0.4348539595678414,0.2628965702335551,1.1326044893692382,-3.865796571744795e-12,False,False,65.73597737140881,8.382299999999994,3.9192391391852226,0.9909544146365099,0.5522695089260525
44.93001666666667,43.035833333333336,15,2.981658318782138,2.0326810607512016,2.346515378843612,0.6351429399246626,0.1370343039976832,0.3317620303162658,0.4139904541833861,0.2211524857412765,1.0491333941080487,-1.3863576953099256e-11,False,False,66.04226849782208,8.51788333333333,4.054822472518559,1.0251742839916176,0.5807001453811503
45.06505,43.17146666666667,15,2.892031632498401,2.010008047400333,2.320341782040935,0.5716898504479104,0.0962812571864761,0.2865607669183639,0.3175163578958563,0.2541734925520541,0.8892062083437667,-9.555911617553647e-12,False,False,66.30417831710292,8.652916666666663,4.1898558058518915,1.0592553388797643,0.6050112083335488
45.2009,43.3073,15,2.898977504955837,2.022216616402148,2.334435284199037,0.5645422207494448,0.1314672212039208,0.2414409874605032,0.2947159893695466,0.2698262313798982,0.8592582101189914,-7.355449582746587e-12,False,False,66.79855374677209,8.78876666666666,4.325705805851889,1.0935425122188511,0.6509002560439684
45.335683333333336,43.44291666666667,15,2.9114054568708525,2.3485682104619627,2.7111736959243267,0.2002317609517376,0.1352387003811031,0.4452733045330213,0.5278720839737592,-0.3276403230220215,0.7281038449254968,5.211830966800335e-12,False,False,64.72028562533887,8.923549999999999,4.460489139185228,1.1275604696220176,0.45799069934671416
45.46996666666666,43.57848333333333,15,3.028143291558081,2.378189773273334,2.7453686584417505,0.2827746331236085,0.0993674788572789,0.3984153279062618,0.526419188451855,-0.2436445553282464,0.8091938215754635,7.278178060232676e-12,False,False,66.41016711860357,9.05783333333332,4.5947724725185495,1.1614522320552165,0.6148493290752857
45.60503333333333,43.714333333333336,15,3.02325021636716,2.40126363246236,2.772004989385038,0.2512452269857022,0.087546390035668,0.3734777977730111,0.46824357273594,-0.2169983457502378,0.7194887997216421,3.580247209811205e-12,False,False,66.5274160977824,9.192899999999995,4.7298391391852235,1.195541699941363,0.6257326450263562
45.74086666666667,43.84936666666667,15,3.008642591870739,2.4882590072156745,2.8724319519265564,0.1362106399565164,0.0833640741591138,0.2708277194702224,0.3403793904212999,-0.2041687504647835,0.4765900303778163,1.2333689625165787e-11,True,False,66.45020721936817,9.328733333333332,4.865672472518561,1.2298246667814527,0.6185659419651016
45.87511666666666,43.98466666666667,15,3.101164500712912,2.4958230908705445,2.8811638867911697,0.2200006139200923,0.177889782555218,0.2807726802814376,0.4749126302320839,-0.2549120163119916,0.6949132441521761,-1.6497914145929826e-12,False,False,67.09123039779297,9.462983333333327,4.999922472518556,1.2637080162166554,0.6780671660407112
46.01018333333333,44.11945,15,3.2301819297390466,2.455712326696812,2.83486025027475,0.3953216794652689,0.2624466688665176,0.3554829596107821,0.6554263955178609,-0.2601047160525919,1.05074807498313,9.729994587814872e-13,False,False,67.49708257150996,9.598049999999994,5.1349891391852225,1.2977974841028002,0.7157392845267371
46.14521666666667,44.25533333333333,15,3.3758491551416228,2.3803663544858864,2.7478812913319635,0.6279678637970392,0.3307333341659839,0.3518458079271995,0.6970767471200551,-0.0691088833230159,1.3250446109170944,-1.262012716551908e-11,False,False,67.60614403079308,9.733083333333333,5.270022472518562,1.3318785389909487,0.7258626163269438
46.28053333333333,44.390366666666665,15,3.537915696742857,2.250226086449402,2.5976481110013583,0.9402675857440954,0.377521834381285,0.2718788172801567,0.6378888748959521,0.3023787108481433,1.5781564606400476,2.596589609993316e-12,False,False,68.0152755755953,9.868399999999994,5.405339139185223,1.3660311043620736,0.763839133468645
46.416133333333335,44.52486666666667,15,3.7121989256265806,2.10931172677374,2.434977380967281,1.277221544664371,0.4015941671181419,0.1116836229689716,0.4583910029798273,0.818830541684544,1.7356125476441986,5.071498776487715e-12,False,False,68.22328492859015,10.003999999999998,5.540939139185227,1.4002551802161802,0.783147032993874
46.55116666666667,44.660183333333336,15,3.8986215012446337,2.225205397586251,2.5687643710284247,1.329857130208893,0.4076239938109869,0.2831942627666864,0.3716022382795361,0.958254891929357,1.7014593684884292,-7.315925643069932e-12,False,False,67.66380351656335,10.13903333333333,5.675972472518559,1.434336235104327,0.7312147004611431
46.687016666666665,44.79443333333333,15,4.253509059679345,2.3716220894275466,2.737786961812065,1.5157220978685473,0.5642505899335687,0.3445028038489925,0.4262125373981348,1.0895095604704124,1.9419346352666824,1.2669865157022286e-12,False,False,68.8432412970833,10.274883333333328,5.811822472518557,1.4686234084434138,0.8406927880310912
46.82261666666667,44.93001666666667,15,4.580142019080085,3.0845074980570644,3.560737796058621,1.0194042230191371,0.6815450204922304,1.1638744971320247,0.8703310907185332,0.1490731323006039,1.8897353137376705,-2.3274715488241778e-12,False,False,65.61366866511162,10.410483333333332,5.947422472518561,1.5028474842975204,0.5409165376377597
46.95765,45.06505,15,4.888530560041545,3.543534711589018,4.090636183296213,0.7978943767484452,0.6726421454232734,1.361770044520257,1.0235202281506173,-0.225625851402172,1.8214146048990625,3.113065361048939e-12,False,False,66.72878058233982,10.545516666666664,6.082455805851893,1.5369285391856673,0.6444237528049589
47.0927,45.2009,15,5.152063936468039,3.863836400985747,4.460390619715891,0.6916733167458915,0.6357516390509546,1.377575780853206,1.0259126524494462,-0.3342393357035547,1.7175859691953377,-6.256328788367682e-12,False,False,67.14955368183655,10.680566666666664,6.217505805851893,1.571013800572813,0.683480865434905
47.22721666666666,45.335683333333336,15,5.394777535169851,4.017001464002533,4.637203491548139,0.7575740436241176,0.5014507744145038,1.3228299309809797,1.0412481099422888,-0.2836740663181711,1.7988221535664064,2.405187160547939e-12,False,False,67.63625368786961,10.815083333333327,6.352022472518556,1.6049644539919967,0.7286574629297659
47.363083333333336,45.46996666666666,15,5.606016945366719,4.405245197813201,5.0853898350513935,0.5206271103093059,0.4213661058217995,0.8845801227598123,0.7075195935946731,-0.1868924832853672,1.2281467039039788,-6.019185150307749e-12,False,False,68.49050537483345,10.950949999999999,6.487889139185228,1.6392558338300842,0.8079510403756012
47.49785,45.60503333333333,15,5.765439237016835,4.442381760170974,5.128260070019636,0.6371791669789673,0.3111347665786393,0.8128171730769174,0.7677573438101033,-0.130578176831136,1.4049365107890706,-1.8232526599604168e-11,False,False,69.0114286022108,11.085716666666663,6.622655805851892,1.67326958473425,0.8563043148305678
47.63235,45.74086666666667,15,5.867820757670415,4.558640589028073,5.262468596436816,0.6053521612516306,0.2221295987303602,0.7163612133516503,0.6889381169066154,-0.0835859556549848,1.294290278158246,1.803091009833224e-11,False,False,68.44588096455482,11.220216666666666,6.757155805851895,1.7072160316544367,0.8038089014879631
47.7674,45.87511666666666,15,5.894849648073432,4.649480599025992,5.367333783893057,0.5275158641848066,0.2205230640460145,0.6295429540366182,0.59451973358662,-0.0670038694018134,1.1220355977714265,4.431122135883925e-12,False,False,68.55932849378951,11.355266666666665,6.892205805851894,1.7413012930415823,0.8143393582405648
47.90298333333333,46.01018333333333,15,5.908923711642274,4.595172952493158,5.304641347662552,0.6042823639882045,0.2141016102595452,0.6636847247201587,0.6024160237842209,0.0018663402039835,1.206698387772425,8.482992086555896e-12,False,False,68.96444766792047,11.490849999999995,7.027789139185224,1.7755211623966882,0.8519434380439285
48.0383,46.14521666666667,15,5.921158064084011,4.504927029585815,5.200461970942352,0.7206960931384856,0.232218483809448,0.7731379257817699,0.6829451829383228,0.0377509102001627,1.4036412760768084,-3.173461493588548e-12,False,False,68.98217888400177,11.626166666666663,7.163105805851892,1.809673727767815,0.8535892897021775
48.17333333333333,46.28053333333333,15,5.872192429847928,4.3059619357627525,4.970777805765776,0.9014146240851916,0.2893554296792718,0.9639180496255112,0.843240125714311,0.0581744983708805,1.7446547497995024,3.0393465522138285e-12,False,False,69.41670951472406,11.761199999999995,7.298139139185224,1.8437547826559617,0.8939234075571002
48.30811666666666,46.416133333333335,15,5.801255955015222,3.944534804988507,4.553548395274951,1.247707559743958,0.2991604713365008,1.0465249230084055,0.9315568544286008,0.3161507053153571,2.179264414172559,3.68682862017522e-12,False,False,70.10166772610319,11.895983333333326,7.432922472518555,1.8777727400591264,0.9575027809548736
48.44343333333333,46.55116666666667,15,5.655504062127875,3.608448543756822,4.165572339500243,1.489931722622714,0.2479300388419184,0.8222080732507524,0.7463696227846655,0.7435620998380486,2.2363013454073792,-4.9178439098795934e-12,False,False,69.59935659696566,12.031299999999995,7.5682391391852235,1.9119253054302532,0.910877123636321
48.57848333333333,46.687016666666665,15,5.471844632895227,3.43203962100597,3.961926889068816,1.5099177438260083,0.0952851739377248,0.5896035028883138,0.7072703097295167,0.8026474340964919,2.217188053555525,-4.0234482412415673e-13,False,False,69.23393637098707,12.166349999999994,7.703289139185223,1.946010566817399,0.8769579901642027
48.71353333333333,46.82261666666667,15,5.367437239921856,3.121940194425406,3.60394988643321,1.7634873535039333,0.1888426924213986,0.6052622711255123,0.855391309167932,0.9080960443360012,2.6188786626718654,1.5287771049088406e-11,False,False,69.37354265967952,12.301399999999994,7.838339139185223,1.9800958282045447,0.8899165622493275
48.84911666666667,46.95765,15,5.305731851349265,3.497133295299136,4.037070653992716,1.2686611973595063,0.2012913067101849,0.4952396093001594,0.7606098042572876,0.5080513931022187,2.029271001616794,2.957634137601417e-12,False,False,69.09874606235462,12.43698333333333,7.973922472518559,2.014315697559652,0.8644093193555176
48.98441666666667,47.0927,15,5.21421360776003,3.690713933156076,4.26053903402957,0.9536745737264029,0.1926901192978929,0.4031232932206317,0.6430095975418499,0.3106649761845528,1.596684171268253,-4.057199021190172e-12,False,False,69.29333981440504,12.572283333333331,8.10922247251856,2.04846405643178,0.8824719523993304
49.11891666666666,47.22721666666666,15,5.070935208059382,3.8057389998575673,4.393323312477962,0.6776118955835955,0.2574355605985516,0.2161065529922759,0.4360103347732593,0.2416015608103361,1.1136222303568548,2.176037128265307e-12,False,False,69.38766008538005,12.70678333333332,8.243722472518549,2.082410503351963,0.8912269736950452
49.25395,47.363083333333336,15,4.950716645140346,3.934223907504929,4.541645554252782,0.4090710908922119,0.2406577624409664,0.1412108105781667,0.3143276816181096,0.0947434092741023,0.7233987725103216,4.647837670290755e-12,False,False,69.19198222782506,12.841816666666666,8.378755805851895,2.1164915582401136,0.873063711521554
49.38978333333333,47.49785,15,4.843304340647592,3.907863866112166,4.511215673387844,0.3320886672490815,0.2853724109687118,0.1885407813757639,0.3282061420550334,0.003882525194048,0.6602948093041149,-1.0666134642178804e-11,False,False,69.47367039679011,12.97764999999999,8.514589139185219,2.1507745250801995,0.8992106457123333
49.52455,47.63235,15,4.771101151291077,3.7400879696724583,4.317536139103428,0.4535650121838444,0.2505737606244001,0.228311480719574,0.3927337275528322,0.0608312846310121,0.8462987397366766,-3.804956349995337e-12,False,False,70.09157721876909,13.112416666666661,8.64935580585189,2.184788275984367,0.9565661571975266
49.65958333333333,47.7674,15,4.631914896432136,3.7972196967093614,4.383488677699152,0.2484262187281274,0.2301821009251247,0.2070656283261909,0.3769314414703918,-0.1285052227422644,0.6253576601985192,-4.856559598920285e-12,False,False,69.12620816696653,13.247449999999994,8.784389139185222,2.218869330872514,0.8669584141388241
49.7941,47.90298333333333,15,4.523558543034596,3.8733558876410825,4.471379860608994,0.0521786824197079,0.21415525361149,0.1769613074879707,0.3188728888025386,-0.2666942063828307,0.3710515712222466,-5.894840171549731e-12,True,False,69.14196119129701,13.381966666666663,8.918905805851892,2.2528199842916994,0.868420645555884
49.9294,48.0383,15,4.361584992984717,3.827885229493404,4.418888793175996,-0.0573038002030443,0.1940073574006335,0.1941101850757862,0.2633222542232117,-0.3206260544262561,0.2060184540201673,-1.176569952576756e-11,True,False,69.23138146311612,13.517266666666664,9.054205805851893,2.2869683431638275,0.876720837825819
50.0647,48.17333333333333,15,4.227813171706657,3.7844956706831,4.368800134903167,-0.1409869631975198,0.2367089514122416,0.2992966114761421,0.2090748077090745,-0.3500617709065943,0.0680878445115547,-1.0098588631990424e-12,True,False,69.38864585118063,13.652566666666665,9.189505805851894,2.321116702035955,0.8913184747105474
50.19973333333333,48.30811666666666,15,4.113966725442879,3.6294751306086255,4.189845310978668,-0.0758785855432506,0.2147724843252919,0.421785671132005,0.3285582835089254,-0.4044368690521761,0.2526796979656748,-7.461586903900752e-12,True,False,69.75429524594438,13.78759999999999,9.32453913918522,2.3551977569241003,0.9252588801486342
50.33505,48.44343333333333,15,4.017689831875032,3.396204144395597,3.92055862003828,0.0971312118304013,0.2321712411468642,0.3371369224921047,0.1926649904017495,-0.0955337785713482,0.2897962022321508,-6.350475700855896e-12,True,False,69.60246778394139,13.922916666666666,9.459855805851895,2.3893503222952286,0.9111659110618223
50.46983333333333,48.57848333333333,15,3.9109003041994574,3.20893145732407,3.704372102273262,0.206528201929359,0.2220145942031098,0.2896984437643788,0.1473284775460038,0.0591997243833552,0.3538566794753629,3.162803352552146e-12,True,False,69.76161530203171,14.05769999999999,9.594639139185219,2.4233682796983915,0.9259383443430008
50.60566666666666,48.71353333333333,15,3.789159779938928,3.0544616741935897,3.5260530690116663,0.2631067109377909,0.2613475666892337,0.3387607930919644,0.1605532322620024,0.1025534786757884,0.4236599431997934,1.0529799254754836e-11,True,False,69.91701487518367,14.19353333333332,9.73047247251855,2.4576512465384797,0.9403628848815971
50.741,48.84911666666667,15,3.6595626927555713,3.029037738582701,3.496703823301849,0.1628588694411519,0.2198856823090364,0.2163671486198881,0.2331012254686621,-0.0702423560275102,0.3959600949098141,-1.2570389174015872e-11,True,False,69.00816334063347,14.328866666666663,9.865805805851892,2.491808018408607,0.8560012258513903
50.87656666666667,48.98441666666667,15,3.581007387874706,3.0218508858888526,3.4884073616988824,0.092600026186119,0.2282957925949903,0.2000146896681941,0.2174335157247712,-0.1248334895386521,0.3100335419108903,1.0295320151954002e-11,True,False,69.43174496384381,14.464433333333332,10.001372472518561,2.5260236812647157,0.8953190320169677
51.011633333333336,49.11891666666666,15,3.5238801147897902,2.938724046183779,3.3924462138685696,0.1314339009240939,0.2236455388436055,0.2237679065463553,0.1783636196248103,-0.0469297187007164,0.3097975205489042,2.873257187729905e-12,True,False,69.84631967788664,14.599499999999999,10.136439139185228,2.5601131491508604,0.933800796462616
51.14613333333333,49.25395,15,3.402773447647633,2.7819385725815664,3.211453960784404,0.1913194868607206,0.1348079160768703,0.2466383370739469,0.221393253168255,-0.0300737663075343,0.4127127400289757,-2.507771768023304e-12,True,False,69.93148307117735,14.733999999999995,10.270939139185224,2.594059596071045,0.9417058556208232
51.28145,49.38978333333333,15,3.3459096125698125,2.679031030707847,3.092658083620854,0.25325152895266,0.0955818939711562,0.3563069815527308,0.3476903645552598,-0.0944388356025998,0.6009418935079198,3.701483564100272e-12,False,False,70.24382369884916,14.869316666666663,10.406255805851892,2.6282121614421716,0.9706980204918108
51.41623333333333,49.52455,15,3.2688430095950025,2.5777228459373878,2.975708495140524,0.2931345144652368,0.0366770180136606,0.2829338048657346,0.3286627124492591,-0.0355281979840222,0.621797226914496,1.0758061108617768e-11,False,False,69.95318507201955,15.004099999999994,10.541039139185223,2.662230118845337,0.9437202845189696
51.552083333333336,49.65958333333333,15,3.2700905627425527,2.375479530506709,2.742239969708883,0.527850593036419,0.0491493708478599,0.1535593890612041,0.1584087843650143,0.3694418086714047,0.6862593774014334,2.7493562981817377e-12,False,False,70.36960256941893,15.139949999999999,10.676889139185228,2.696517292184425,0.9823731002917953
51.68728333333333,49.7941,15,3.2623147220365354,2.420346068276558,2.794033644036478,0.4682810779863757,0.033721206646863,0.1527727630359474,0.1637975408511987,0.304483537135177,0.6320786188375744,-1.3681500377060727e-11,False,False,69.92075276015021,15.275149999999996,10.812089139185225,2.7306404120625594,0.9407098438347968
51.82311666666666,49.9294,15,3.261381830623577,2.4340019056653546,2.8097978645344823,0.4515839660921301,0.0412126280987473,0.1244764533419138,0.1484058436849809,0.3031781224071492,0.599989809777111,3.035349749325178e-12,False,False,70.24802641551287,15.41098333333332,10.947922472518549,2.7649233789026457,0.97108812617652
51.95926666666666,50.0647,15,3.255950535804004,2.3822065444328477,2.7500055960711145,0.5059449397294884,0.0307371887836703,0.1810939271321173,0.2142126595049091,0.2917322802245793,0.7201575992343975,-3.4012792582416296e-12,False,False,70.68819684620757,15.54713333333332,11.08407247251855,2.7992862692237113,1.0119457430455108
52.09458333333333,50.19973333333333,15,3.2582994005424557,2.301079027922242,2.656352455489792,0.6019469450488941,0.0557721775286632,0.2552267609454999,0.3369495282811098,0.2649974167677843,0.938896473330004,-3.7689851239974814e-12,False,False,70.9421397764927,15.682449999999996,11.219389139185225,2.8334388345948396,1.0355173013071663
52.23068333333333,50.33505,15,3.298696115256462,2.16774155632811,2.502428441677155,0.7962676735719469,0.0633980381798382,0.2960805737754141,0.3890968100579202,0.4071708635140267,1.1853644836298671,-7.359890474845088e-12,False,False,71.27886162310824,15.818549999999995,11.355489139185224,2.867789105418909,1.0667725861719943
52.36573333333333,50.46983333333333,15,3.252510166490538,2.1302742320367543,2.459176377026493,0.7933337894592114,0.0758573886466622,0.2503705689385577,0.2983116707036863,0.4950221187555251,1.0916454601628978,-4.8334669600080815e-12,False,False,70.60333952075962,15.953599999999994,11.490539139185223,2.9018743668060543,1.0040690937980639
52.50131666666667,50.60566666666666,15,3.242862171577144,2.155123594107863,2.4878623383315888,0.754999833252441,0.0942251453737759,0.2417479073522754,0.3223451572692224,0.4326546759832186,1.0773449905216634,6.885603198725221e-12,False,False,70.37238870166402,16.08918333333333,11.62612247251856,2.936094236161162,0.9826317154005763
52.63635,50.741,15,3.18203254481341,2.0710159571826807,2.3907689638057303,0.7912635810203028,0.0980943416688649,0.2803791082128986,0.3982405497144151,0.3930230313058877,1.1895041307347178,1.262323578998803e-11,False,False,70.68608451257387,16.224216666666663,11.761155805851892,2.970175291049309,1.011749671450767
52.7722,50.87656666666667,15,3.1544727802756825,2.1726713084099174,2.5081193192561355,0.6463534610234092,0.098713387489278,0.1684685246862724,0.2741735380217879,0.3721799230016212,0.9205269990451972,3.8622438580659946e-12,False,False,70.8523843769326,16.36006666666666,11.89700580585189,3.004462464388396,1.0271860017208638
52.90725,51.011633333333336,15,3.16311985381617,2.2767602580606763,2.6282790067935986,0.5348408470235881,0.0792836685266293,0.1235227588712282,0.1873524125314475,0.3474884344921406,0.7221932595550357,1.0169642905566434e-12,False,False,70.8121644825842,16.49511666666666,12.03205580585189,3.0385477257755413,1.0234526999831595
53.04255,51.14613333333333,15,3.183441257686354,2.2808302598386945,2.6329773935442047,0.5504638641459678,0.0778433836038527,0.1044285088054753,0.1632105338107987,0.387253330335169,0.7136743979567666,3.8182790262908376e-12,False,False,71.22482175982077,16.63041666666666,12.16735580585189,3.0726960846476694,1.0617564835992535
53.17733333333333,51.28145,15,3.180104655377363,2.259892760506773,2.60880726418868,0.5712973911890913,0.0707615714003754,0.1284467351445631,0.1885574310085269,0.3827399601805643,0.7598548221976182,4.0811798385220754e-13,False,False,71.35199414543968,16.765199999999993,12.302139139185222,3.106714042050834,1.0735609126240113
53.313183333333335,51.41623333333333,15,3.2062479987798724,2.2562710234124097,2.60462635162244,0.601621647160755,0.0836536993242167,0.1299912639034202,0.1853496679897319,0.416271979171023,0.7869713151504869,3.3226754680981685e-12,False,False,71.24936728154353,16.901049999999998,12.437989139185227,3.1410012153899225,1.0640348545493763
53.44821666666667,51.552083333333336,15,3.211834183613973,2.3667787939739355,2.732195889269685,0.4796382943482058,0.0834721183561916,0.2142164233102253,0.2436011859524655,0.2360371083957402,0.7232394803006714,3.917310920087402e-12,False,False,70.8991089702431,17.03608333333333,12.57302247251856,3.1750822702780694,1.0315230843568484
53.58273333333333,51.68728333333333,15,3.200361362502008,2.415642522413691,2.7886038976215466,0.411757464889888,0.0792690322600722,0.3127728322413504,0.3556921595831749,0.0560653053067131,0.7674496244730631,9.426681657487279e-12,False,False,70.85111597415744,17.170599999999993,12.707539139185222,3.209032923697253,1.0270682657008827
53.7183,51.82311666666666,15,3.204729883771506,2.6256948781156098,3.0310871344332906,0.1736427493501651,0.0874770284577196,0.2728775152294709,0.3384042098306362,-0.1647614604804711,0.5120469591808013,1.1949552458645483e-11,False,False,70.51257470168275,17.306166666666662,12.843105805851891,3.243248586553362,0.995644097604719
53.85308333333333,51.95926666666666,15,3.219325047895836,2.753880954314809,3.179064406895248,0.0402606409920736,0.1118517755075378,0.2153445886739098,0.2571335936008181,-0.2168729526087445,0.2973942345928917,-8.514966509665099e-12,True,False,70.79100052543436,17.440949999999994,12.977889139185223,3.2772665439565265,1.021488213519825
53.98918333333334,52.09458333333333,15,3.238345813548221,2.761271156996372,3.187595614559794,0.050750198980495,0.1274006218051743,0.1697550554246113,0.2519011806800835,-0.2011509816995884,0.3026513796605785,-7.932321466341818e-12,True,False,71.14395232984316,17.57705,13.113989139185229,3.3116168147805976,1.0542499998465305
54.12505,52.23068333333333,15,3.2804461768500914,2.7372309557504195,3.1598437438785787,0.1206024329735555,0.097668404877395,0.1845061730111764,0.2714978141899142,-0.1508953812163587,0.3921002471634698,2.042810365310288e-12,True,False,71.2396526320772,17.712916666666665,13.249855805851894,3.345908194618683,1.0631331187710655
54.25983333333333,52.36573333333333,15,3.328336299455259,2.680739250019542,3.094630042214224,0.2337062572487411,0.0514601292542013,0.1806792503708171,0.2314460491742927,0.0022602080744484,0.4651523064230339,7.706280058528137e-12,True,False,71.13162816805925,17.847699999999996,13.384639139185225,3.3799261520218478,1.0531060432213577
54.39463333333333,52.50131666666667,15,3.320034282562119,2.7601873287858325,3.1863444494787774,0.1336898330728217,0.0474417498177478,0.2214170282881546,0.2785940940909701,-0.1449042610181483,0.4122839271637919,-1.0520029292138132e-11,True,False,70.72943627912537,17.982499999999995,13.519439139185224,3.4139483159240114,1.0157736806636517
54.53021666666667,52.63635,15,3.3264641487512563,2.844541473150457,3.283722390781401,0.0427417579671782,0.0615251490294374,0.1390290637671692,0.2028650792639968,-0.1601233212968185,0.2456068372311751,-2.6769697569761775e-12,True,False,71.0606502762057,18.11808333333333,13.65502247251856,3.448168185279119,1.0465177144530124
54.66578333333333,52.7722,15,3.288036345933506,2.8196605482116865,3.254999993482583,0.0330363524408312,0.0552342037072842,0.1357402688219222,0.173476250592931,-0.1404398981520997,0.2065126030337623,-1.0091483204632825e-11,True,False,71.2399426536831,18.253649999999993,13.790589139185222,3.482383848135226,1.063160039233758
54.80056666666667,52.90725,15,3.2246412941276503,2.741057980703772,3.164261639573903,0.0603796545569821,0.060688883659159,0.2279955394706833,0.2274482183962404,-0.1670685638392583,0.2878278729532225,3.234745804547856e-12,True,False,71.32946292341148,18.38843333333333,13.92537247251856,3.5164018055383925,1.0714695135362418
54.93505,53.04255,15,3.218699527809804,2.661382036345458,3.072284185574514,0.1464153422339222,0.055133091568119,0.3726480898359761,0.3944532478395564,-0.2480379056056341,0.5408685900734787,-1.3673506771283428e-12,False,False,71.76151544124514,18.52291666666666,14.059855805851889,3.5503440459595788,1.1115736073370672
55.0701,53.17733333333333,15,3.2028518042388896,2.5385550194769166,2.930493380521703,0.2723584236987335,0.0543031486349054,0.3817917623268964,0.408061947250967,-0.1357035235522334,0.6804203709497005,-1.845323893689965e-11,False,False,71.64114693113879,18.65796666666666,14.194905805851889,3.584429307346724,1.1004007294559828
55.20486666666667,53.313183333333335,15,3.155885560670868,2.3717851971705386,2.737975252456736,0.4179103082237816,0.0737566285532639,0.2871087697264643,0.2981857402983245,0.119724567925457,0.7160960485221062,9.650058530041859e-12,False,False,71.6604304057073,18.79273333333333,14.32967247251856,3.6184430582508917,1.102190665264664
55.34045,53.44821666666667,15,3.1254808347475773,2.303594151533616,2.6592558997869515,0.4662249349607918,0.1078847936977984,0.1590175640745827,0.1725918336824518,0.29363310127834,0.6388167686432438,1.6608936448392344e-13,False,False,71.29621145591591,18.92831666666666,14.46525580585189,3.6526629276059976,1.0683830369705132
55.475233333333335,53.58273333333333,15,3.0748958997101,2.290513310170354,2.644155451408806,0.4307404483015489,0.1464316924578939,0.1357435313435265,0.2382488740407065,0.1924915742608423,0.6689893223422554,2.54907206453936e-13,False,False,71.24963047368146,19.0631,14.600039139185228,3.6866808850091646,1.0640592846400523
55.6108,53.7183,15,3.0121566447814985,2.279442247854604,2.631375080456541,0.3807815643440335,0.1456069168925723,0.1595734484203419,0.2901626463938876,0.0906189179501459,0.6709442107379211,1.907585200910944e-11,False,False,71.27643943261864,19.19866666666666,14.73560580585189,3.720896547865271,1.0665477529617047
55.74638333333333,53.85308333333333,15,2.93531142816937,2.461029259313364,2.8409980868463194,0.0943133413293253,0.1224132553496566,0.2924499992688539,0.4156659150351796,-0.3213525737058543,0.5099792563645049,6.274092356761685e-12,False,False,70.44697658602308,19.33424999999999,14.87118913918522,3.755116417220377,0.9895551318540654
55.8809,53.98918333333334,15,2.874887902540649,2.56280404696372,2.958486319019765,-0.0835984164768888,0.1367502010684892,0.3002606302215154,0.4302305192561017,-0.5138289357329906,0.3466321027792129,2.227107387398064e-12,False,False,70.70612326226183,19.46876666666666,15.005705805851889,3.789067070639563,1.0136097136076014
56.0162,54.12505,15,2.8123377690099005,2.553569286636048,2.947825764569177,-0.1354879955547403,0.1235012734174834,0.2834718487018724,0.4072884939823983,-0.5427764895371386,0.2718004984276579,4.53637127861839e-12,False,False,70.97140724978453,19.60406666666666,15.14100580585189,3.8232154295116905,1.0382339745025784
56.15125,54.25983333333333,15,2.770331409872597,2.471470473854424,2.853051365133543,-0.0827199552636557,0.090997321703244,0.2960017141035507,0.4017636401111426,-0.4844835953747983,0.3190436848474869,-2.709388269295232e-12,True,False,71.40265745264696,19.73911666666666,15.27605580585189,3.8573006908988363,1.0782635956096094
56.28628333333333,54.39463333333333,15,2.739562831367948,2.354158225491119,2.71762677726953,0.0219360540963862,0.0532468824979054,0.3729056097635749,0.4707025070053048,-0.4487664529089186,0.492638561101691,-2.0317081350640365e-12,True,False,71.82989163428647,19.874149999999993,15.411089139185222,3.891381745786983,1.1179204405258247
56.42106666666667,54.53021666666667,15,2.7164636778761637,2.3546648387309688,2.718211608693105,-0.0017479308057772,0.0505055974165451,0.3727248920748052,0.4500042026435381,-0.4517521334493153,0.4482562718377608,1.1164402735630574e-11,True,False,71.69607790428199,20.00893333333333,15.54587247251856,3.9253997031901497,1.1054995468649202
56.55583333333333,54.66578333333333,15,2.703949335460493,2.3541338130817167,2.717598595723884,-0.0136492602678117,0.0562014446249653,0.3500731998106571,0.4129620810408111,-0.4266113413086229,0.3993128207729994,-4.420463994847523e-12,True,False,71.5191060173056,20.143699999999995,15.680639139185224,3.9594134540943156,1.0890726152710561
56.69146666666666,54.80056666666667,15,2.698031209391047,2.3129225636039337,2.6700245652730663,0.0280066441150665,0.0447773035893884,0.34301283284444,0.4087714572609779,-0.3807648131459114,0.4367781013760445,-2.914113395036111e-12,True,False,71.6689032935792,20.279333333333327,15.816272472518556,3.993645942946418,1.1029771379177629
56.8265,54.93505,15,2.686040460233926,2.2481802823822363,2.595286446499043,0.0907540137332034,0.0471658585886667,0.3518827659437198,0.4452606595499879,-0.3545066458167844,0.5360146732831914,-1.6795453916529368e-12,False,False,71.74203006131211,20.414366666666666,15.951305805851895,4.0277269978345664,1.1097649302149035
56.96208333333333,55.0701,15,2.70206417987356,2.119649292584654,2.446911007753843,0.2551531721201172,0.0460608102791414,0.3436439073053691,0.4346100946292044,-0.1794569225090872,0.6897632667493216,4.0056846728475653e-13,False,False,71.85648345433219,20.549949999999995,16.086889139185224,4.061946867189673,1.1203887535235029
57.097116666666665,55.20486666666667,15,2.7307744307217945,1.971144202168944,2.2754775816125847,0.4552968491175306,0.0411036452872544,0.3627038310866241,0.4514214514307209,0.0038753976868097,0.9067183005482516,8.320899524960623e-12,False,False,72.20083660891032,20.684983333333328,16.221922472518557,4.096027922077819,1.152352393687101
57.23243333333333,55.34045,15,2.7131748578394763,1.9466508115147008,2.24720255167308,0.4659723061608929,0.0443000033138157,0.2760850422847332,0.3526288181104837,0.1133434880504091,0.8186011242713767,-5.504041666881676e-12,False,False,71.23470878116132,20.820299999999996,16.357239139185225,4.130180487448946,1.0626742193255494
57.36725,55.475233333333335,15,2.689909913886368,1.926267129358166,2.223671745694058,0.4662381681841907,0.072547693036101,0.2759856038221542,0.3729977808358763,0.0932403873483143,0.8392359490200672,-8.118838934478845e-12,False,False,71.5340193489501,20.95511666666666,16.49205580585189,4.164206857850108,1.090456904510134
57.50205,55.6108,15,2.661179069436912,1.8668819569975312,2.155117842718246,0.5060612267175202,0.0874068040182258,0.2708355706007804,0.3804391236842714,0.1256221030332487,0.8865003504017916,-1.1457501614131615e-12,False,False,71.83450532744973,21.08991666666666,16.62685580585189,4.198229021752272,1.1183486939805565
57.6379,55.74638333333333,15,2.701983868621028,1.8247445172855803,2.106474623563812,0.5955092450617485,0.0755620309061634,0.3324972796449594,0.426458704100715,0.1690505409610334,1.0219679491624636,4.532818564939589e-12,False,False,72.15635585957716,21.225766666666665,16.762705805851894,4.232516195091361,1.1482235897339785
57.77268333333333,55.8809,15,2.697448224113032,1.977875209027843,2.2832478173935358,0.4142004067080052,0.0633344700965922,0.2448550155038062,0.3269082205283649,0.0872921861796403,0.74110862723637,-1.149125239408022e-11,False,False,71.76632085670644,21.360549999999996,16.897489139185225,4.2665341524945255,1.1120196568899745
57.90773333333333,56.0162,15,2.702973525840207,2.4530638229189208,2.831802832677004,-0.1288293068378152,0.0631826100961916,0.6261916513071736,0.6889348012939275,-0.8177641081317427,0.5601054944561122,-1.0182965581861936e-12,False,False,69.70306898567287,21.495599999999996,17.032539139185225,4.300619413881671,0.9205039425838799
